CookieUtil,0.8378378378378378,0.7727272727272727,2.0,136,13,1,0.928571429,0,1,0.8378378378378378,0.7727272727272727,0.1090909090909091,0.0758505298382599,0.30952380952380953,0.125,0.928571429,0.0,0.03571428571428571,io.netty.handler.codec.http.cookie.CookieUtil
RtspResponseStatuses,0.0,0.0,18.0,273,1,1,0.0,0,1,0.0,0.0,0.9818181818181819,0.15225878416062466,0.023809523809523808,0.125,0.0,0.0,0.03571428571428571,io.netty.handler.codec.rtsp.RtspResponseStatuses
SpdySynReplyFrame,1.0,1.0,1.0,14,3,0,0.75,3,1,1.0,1.0,0.05454545454545455,0.007808142777467931,0.07142857142857142,0.0,0.75,0.6,0.03571428571428571,io.netty.handler.codec.spdy.SpdySynReplyFrame
HttpHeaders,1.0,1.0,1.0,107,34,0,0.971428571,0,1,1.0,1.0,0.05454545454545455,0.05967651979921919,0.8095238095238095,0.0,0.971428571,0.0,0.03571428571428571,io.netty.handler.codec.http.HttpHeaders
WebSocketClientHandshakerFactory,0.15384615384615385,0.125,3.25,109,3,0,0.0,0,8,0.15384615384615385,0.125,0.17727272727272728,0.06079196876742889,0.07142857142857142,0.0,0.0,0.0,0.2857142857142857,io.netty.handler.codec.http.websocketx.WebSocketClientHandshakerFactory
HttpPostBodyUtil,0.625,0.4166666666666667,1.6666666666666667,164,3,0,0.0,0,1,0.625,0.4166666666666667,0.09090909090909093,0.09146681539319576,0.07142857142857142,0.0,0.0,0.0,0.03571428571428571,io.netty.handler.codec.http.multipart.HttpPostBodyUtil
HttpHeaderUtil,0.6790123456790124,0.5483870967741935,4.214285714285714,244,13,0,0.357142857,0,10,0.6790123456790124,0.5483870967741935,0.2298701298701299,0.13608477412158393,0.30952380952380953,0.0,0.357142857,0.0,0.35714285714285715,io.netty.handler.codec.http.HttpHeaderUtil
DeflateDecoder,0.5490196078431373,0.5666666666666667,3.857142857142857,104,6,1,0.857142857,1,5,0.5490196078431373,0.5666666666666667,0.2103896103896104,0.05800334634690463,0.14285714285714285,0.125,0.857142857,0.2,0.17857142857142858,io.netty.handler.codec.http.websocketx.extensions.compression.DeflateDecoder
DefaultHttpMessage,0.5217391304347826,0.08333333333333333,2.142857142857143,67,5,1,0.833333333,2,5,0.5217391304347826,0.08333333333333333,0.11688311688311688,0.0373675404350251,0.11904761904761904,0.125,0.833333333,0.4,0.17857142857142858,io.netty.handler.codec.http.DefaultHttpMessage
SpdyProtocolException,0.7142857142857143,1.0,1.0,30,0,0,1.0,0,0,0.7142857142857143,1.0,0.05454545454545455,0.016731734523145567,0.0,0.0,1.0,0.0,0.0,io.netty.handler.codec.spdy.SpdyProtocolException
RtspResponseDecoder,0.0,1.0,1.0,69,3,1,0.75,2,8,0.0,1.0,0.05454545454545455,0.0384829894032348,0.07142857142857142,0.125,0.75,0.4,0.2857142857142857,io.netty.handler.codec.rtsp.RtspResponseDecoder
CookieDecoder,0.8214285714285714,0.6363636363636364,8.5,58,1,1,0.5,0,2,0.8214285714285714,0.6363636363636364,0.4636363636363637,0.03234802007808143,0.023809523809523808,0.125,0.5,0.0,0.07142857142857142,io.netty.handler.codec.http.cookie.CookieDecoder
WebSocketFrameDecoder,1.0,1.0,0.0,6,0,0,0.0,0,0,1.0,1.0,0.0,0.0033463469046291134,0.0,0.0,0.0,0.0,0.0,io.netty.handler.codec.http.websocketx.WebSocketFrameDecoder
Cookie,1.0,1.0,1.0,124,15,0,0.0,0,0,1.0,1.0,0.05454545454545455,0.06915783602900168,0.35714285714285715,0.0,0.0,0.0,0.0,io.netty.handler.codec.http.cookie.Cookie
WebSocketExtension,1.0,1.0,1.0,25,3,0,0.0,0,2,1.0,1.0,0.05454545454545455,0.013943112102621304,0.07142857142857142,0.0,0.0,0.0,0.07142857142857142,io.netty.handler.codec.http.websocketx.extensions.WebSocketExtension
SpdyHeaderBlockZlibEncoder,0.0,0.0,3.6666666666666665,89,5,1,1.0,2,4,0.0,0.0,0.2,0.049637479085331844,0.11904761904761904,0.125,1.0,0.4,0.14285714285714285,io.netty.handler.codec.spdy.SpdyHeaderBlockZlibEncoder
ContinuationWebSocketFrame,0.30434782608695654,0.0,1.25,106,8,0,0.666666667,1,1,0.30434782608695654,0.0,0.06818181818181819,0.05911879531511433,0.19047619047619047,0.0,0.666666667,0.2,0.03571428571428571,io.netty.handler.codec.http.websocketx.ContinuationWebSocketFrame
WebSocket00FrameEncoder,0.2,0.16666666666666666,7.0,76,1,1,0.5,1,4,0.2,0.16666666666666666,0.38181818181818183,0.042387060791968766,0.023809523809523808,0.125,0.5,0.2,0.14285714285714285,io.netty.handler.codec.http.websocketx.WebSocket00FrameEncoder
HttpObjectDecoder,0.9038461538461539,0.7910447761194029,5.806451612903226,778,20,1,0.904761905,0,17,0.9038461538461539,0.7910447761194029,0.3167155425219942,0.433909648633575,0.47619047619047616,0.125,0.904761905,0.0,0.6071428571428571,io.netty.handler.codec.http.HttpObjectDecoder
Utf8FrameValidator,0.64,0.20833333333333334,7.5,69,2,1,0.666666667,0,4,0.64,0.20833333333333334,0.4090909090909091,0.0384829894032348,0.047619047619047616,0.125,0.666666667,0.0,0.14285714285714285,io.netty.handler.codec.http.websocketx.Utf8FrameValidator
SpdyFrameDecoder,0.9219512195121952,0.8503937007874016,18.333333333333332,422,4,1,0.8,0,4,0.9219512195121952,0.8503937007874016,1.0,0.23535973229224763,0.09523809523809523,0.125,0.8,0.0,0.14285714285714285,io.netty.handler.codec.spdy.SpdyFrameDecoder
SpdyHeadersFrame,1.0,1.0,1.0,38,7,0,0.25,2,2,1.0,1.0,0.05454545454545455,0.021193530395984383,0.16666666666666666,0.0,0.25,0.4,0.07142857142857142,io.netty.handler.codec.spdy.SpdyHeadersFrame
HttpMethod,0.8235294117647058,0.5555555555555556,3.2857142857142856,166,6,3,0.571428571,0,0,0.8235294117647058,0.5555555555555556,0.17922077922077922,0.09258226436140547,0.14285714285714285,0.375,0.571428571,0.0,0.0,io.netty.handler.codec.http.HttpMethod
DefaultSpdyHeadersFrame,0.5555555555555556,0.0,1.1,88,9,3,0.9,3,4,0.5555555555555556,0.0,0.06000000000000001,0.049079754601226995,0.21428571428571427,0.375,0.9,0.6,0.14285714285714285,io.netty.handler.codec.spdy.DefaultSpdyHeadersFrame
Attribute,1.0,1.0,1.0,32,8,0,0.666666667,2,1,1.0,1.0,0.05454545454545455,0.01784718349135527,0.19047619047619047,0.0,0.666666667,0.4,0.03571428571428571,io.netty.handler.codec.http.multipart.Attribute
SpdyHeaders,1.0,1.0,1.0,140,34,0,0.971428571,0,1,1.0,1.0,0.05454545454545455,0.0780814277746793,0.8095238095238095,0.0,0.971428571,0.0,0.03571428571428571,io.netty.handler.codec.spdy.SpdyHeaders
HttpResponseStatus,0.45121951219512196,0.09210526315789473,8.368421052631579,640,12,3,0.230769231,0,2,0.45121951219512196,0.09210526315789473,0.4564593301435407,0.3569436698271054,0.2857142857142857,0.375,0.230769231,0.0,0.07142857142857142,io.netty.handler.codec.http.HttpResponseStatus
PerMessageDeflateEncoder,1.0,0.8,2.8,49,4,1,0.8,2,6,1.0,0.8,0.15272727272727274,0.027328499721137756,0.09523809523809523,0.125,0.8,0.4,0.21428571428571427,io.netty.handler.codec.http.websocketx.extensions.compression.PerMessageDeflateEncoder
PingWebSocketFrame,0.29411764705882354,1.0,1.0,70,6,0,0.857142857,1,1,0.29411764705882354,1.0,0.05454545454545455,0.03904071388733965,0.14285714285714285,0.0,0.857142857,0.2,0.03571428571428571,io.netty.handler.codec.http.websocketx.PingWebSocketFrame
HttpMessageUtil,0.4032258064516129,0.5,1.0909090909090908,92,10,0,0.909090909,0,8,0.4032258064516129,0.5,0.05950413223140496,0.051310652537646405,0.23809523809523808,0.0,0.909090909,0.0,0.2857142857142857,io.netty.handler.codec.http.HttpMessageUtil
ClientCookieEncoder,0.5882352941176471,0.4375,2.6666666666666665,116,5,0,0.166666667,1,6,0.5882352941176471,0.4375,0.14545454545454545,0.06469604015616286,0.11904761904761904,0.0,0.166666667,0.2,0.21428571428571427,io.netty.handler.codec.http.cookie.ClientCookieEncoder
PongWebSocketFrame,0.29411764705882354,1.0,1.0,70,6,0,0.857142857,1,1,0.29411764705882354,1.0,0.05454545454545455,0.03904071388733965,0.14285714285714285,0.0,0.857142857,0.2,0.03571428571428571,io.netty.handler.codec.http.websocketx.PongWebSocketFrame
HttpChunkedInput,0.782608695652174,0.8333333333333334,1.8571428571428572,88,5,1,0.833333333,0,3,0.782608695652174,0.8333333333333334,0.1012987012987013,0.049079754601226995,0.11904761904761904,0.125,0.833333333,0.0,0.10714285714285714,io.netty.handler.codec.http.HttpChunkedInput
CorsConfig,0.9318181818181818,1.0,1.4166666666666667,541,17,3,0.111111111,0,5,0.9318181818181818,1.0,0.07727272727272728,0.301728945900725,0.40476190476190477,0.375,0.111111111,0.0,0.17857142857142858,io.netty.handler.codec.http.cors.CorsConfig
DiskFileUpload,0.0,0.0,1.7916666666666667,201,23,5,0.958333333,4,8,0.0,0.0,0.09772727272727273,0.1121026213050753,0.5476190476190477,0.625,0.958333333,0.8,0.2857142857142857,io.netty.handler.codec.http.multipart.DiskFileUpload
PerFrameDeflateDecoder,1.0,0.5,1.75,31,3,0,0.75,2,6,1.0,0.5,0.09545454545454546,0.01728945900725042,0.07142857142857142,0.0,0.75,0.4,0.21428571428571427,io.netty.handler.codec.http.websocketx.extensions.compression.PerFrameDeflateDecoder
SpdyFrameDecoderDelegate,1.0,1.0,1.0,80,14,0,0.0,0,1,1.0,1.0,0.05454545454545455,0.044617958728388175,0.3333333333333333,0.0,0.0,0.0,0.03571428571428571,io.netty.handler.codec.spdy.SpdyFrameDecoderDelegate
WebSocket08FrameEncoder,0.896551724137931,0.7,17.0,168,1,1,0.5,1,8,0.896551724137931,0.7,0.9272727272727274,0.09369771332961517,0.023809523809523808,0.125,0.5,0.2,0.2857142857142857,io.netty.handler.codec.http.websocketx.WebSocket08FrameEncoder
DefaultHttpDataFactory,0.4830508474576271,0.46153846153846156,2.6666666666666665,225,9,2,0.7,1,14,0.4830508474576271,0.46153846153846156,0.14545454545454545,0.12548800892359174,0.21428571428571427,0.25,0.7,0.2,0.5,io.netty.handler.codec.http.multipart.DefaultHttpDataFactory
PerMessageDeflateDecoder,1.0,0.8333333333333334,2.6,46,4,1,0.8,2,6,1.0,0.8333333333333334,0.14181818181818184,0.025655326268823202,0.09523809523809523,0.125,0.8,0.4,0.21428571428571427,io.netty.handler.codec.http.websocketx.extensions.compression.PerMessageDeflateDecoder
HttpResponseDecoder,1.0,1.0,1.0,103,3,1,0.75,1,10,1.0,1.0,0.05454545454545455,0.05744562186279978,0.07142857142857142,0.125,0.75,0.2,0.35714285714285715,io.netty.handler.codec.http.HttpResponseDecoder
WebSocket07FrameEncoder,0.0,1.0,1.0,18,0,0,0.0,2,1,0.0,1.0,0.05454545454545455,0.010039040713887339,0.0,0.0,0.0,0.4,0.03571428571428571,io.netty.handler.codec.http.websocketx.WebSocket07FrameEncoder
HttpVersion,0.6805555555555556,0.5,3.6923076923076925,228,11,7,0.333333333,0,0,0.6805555555555556,0.5,0.2013986013986014,0.1271611823759063,0.2619047619047619,0.875,0.333333333,0.0,0.0,io.netty.handler.codec.http.HttpVersion
SpdyHttpCodec,0.0,1.0,1.0,18,0,0,0.0,0,3,0.0,1.0,0.05454545454545455,0.010039040713887339,0.0,0.0,0.0,0.0,0.10714285714285714,io.netty.handler.codec.spdy.SpdyHttpCodec
DefaultSpdyGoAwayFrame,0.5882352941176471,0.5,1.25,77,5,2,0.833333333,2,2,0.5882352941176471,0.5,0.06818181818181819,0.04294478527607362,0.11904761904761904,0.25,0.833333333,0.4,0.07142857142857142,io.netty.handler.codec.spdy.DefaultSpdyGoAwayFrame
CorsHandler,0.9425287356321839,0.78,2.6842105263157894,175,18,1,0.894736842,0,9,0.9425287356321839,0.78,0.14641148325358852,0.09760178471834914,0.42857142857142855,0.125,0.894736842,0.0,0.32142857142857145,io.netty.handler.codec.http.cors.CorsHandler
MemoryAttribute,0.3333333333333333,0.1875,1.7894736842105263,142,15,0,0.9375,4,6,0.3333333333333333,0.1875,0.09760765550239235,0.07919687674288901,0.35714285714285715,0.0,0.9375,0.8,0.21428571428571427,io.netty.handler.codec.http.multipart.MemoryAttribute
WebSocketServerProtocolHandler,0.7380952380952381,0.4,1.5833333333333333,128,6,2,0.857142857,1,12,0.7380952380952381,0.4,0.08636363636363636,0.07138873396542109,0.14285714285714285,0.25,0.857142857,0.2,0.42857142857142855,io.netty.handler.codec.http.websocketx.WebSocketServerProtocolHandler
RtspHeaderValues,0.0,1.0,1.0,175,0,0,0.0,0,1,0.0,1.0,0.05454545454545455,0.09760178471834914,0.0,0.0,0.0,0.0,0.03571428571428571,io.netty.handler.codec.rtsp.RtspHeaderValues
ClientCookieDecoder,0.9074074074074074,0.775,4.666666666666667,237,1,0,0.0,1,5,0.9074074074074074,0.775,0.2545454545454546,0.13218070273284996,0.023809523809523808,0.0,0.0,0.2,0.17857142857142858,io.netty.handler.codec.http.cookie.ClientCookieDecoder
PerMessageDeflateServerExtensionHandshaker,0.8809523809523809,0.75,4.0,169,1,1,0.5,1,4,0.8809523809523809,0.75,0.2181818181818182,0.09425543781372002,0.023809523809523808,0.125,0.5,0.2,0.14285714285714285,io.netty.handler.codec.http.websocketx.extensions.compression.PerMessageDeflateServerExtensionHandshaker
WebSocketFrameAggregator,0.8823529411764706,0.85,2.2222222222222223,72,8,0,0.888888889,0,4,0.8823529411764706,0.85,0.12121212121212123,0.040156162855549356,0.19047619047619047,0.0,0.888888889,0.0,0.14285714285714285,io.netty.handler.codec.http.websocketx.WebSocketFrameAggregator
FullHttpRequest,1.0,1.0,1.0,34,10,0,0.909090909,4,4,1.0,1.0,0.05454545454545455,0.018962632459564976,0.23809523809523808,0.0,0.909090909,0.8,0.14285714285714285,io.netty.handler.codec.http.FullHttpRequest
DefaultSpdySettingsFrame,0.328125,0.35,1.6363636363636365,177,15,2,0.9375,2,3,0.328125,0.35,0.08925619834710745,0.09871723368655884,0.35714285714285715,0.25,0.9375,0.4,0.10714285714285714,io.netty.handler.codec.spdy.DefaultSpdySettingsFrame
CookieEncoder,0.8333333333333334,0.625,4.5,30,1,1,0.5,0,1,0.8333333333333334,0.625,0.24545454545454548,0.016731734523145567,0.023809523809523808,0.125,0.5,0.0,0.03571428571428571,io.netty.handler.codec.http.cookie.CookieEncoder
HttpHeaderDateFormat,1.0,1.0,1.3333333333333333,76,2,2,0.666666667,0,2,1.0,1.0,0.07272727272727272,0.042387060791968766,0.047619047619047616,0.25,0.666666667,0.0,0.07142857142857142,io.netty.handler.codec.http.HttpHeaderDateFormat
SpdyGoAwayFrame,1.0,1.0,1.0,26,4,0,0.0,1,2,1.0,1.0,0.05454545454545455,0.014500836586726157,0.09523809523809523,0.0,0.0,0.2,0.07142857142857142,io.netty.handler.codec.spdy.SpdyGoAwayFrame
InterfaceHttpData,1.0,1.0,1.0,31,6,0,0.571428571,0,1,1.0,1.0,0.05454545454545455,0.01728945900725042,0.14285714285714285,0.0,0.571428571,0.0,0.03571428571428571,io.netty.handler.codec.http.multipart.InterfaceHttpData
SpdyDataFrame,1.0,1.0,1.0,38,9,0,0.8,2,1,1.0,1.0,0.05454545454545455,0.021193530395984383,0.21428571428571427,0.0,0.8,0.4,0.03571428571428571,io.netty.handler.codec.spdy.SpdyDataFrame
HttpContentEncoder,0.7913043478260869,0.7307692307692307,3.588235294117647,312,14,1,0.866666667,0,18,0.7913043478260869,0.7307692307692307,0.19572192513368986,0.17401003904071388,0.3333333333333333,0.125,0.866666667,0.0,0.6428571428571429,io.netty.handler.codec.http.HttpContentEncoder
SpdyFrameEncoder,0.0,0.0,2.0,138,10,1,0.909090909,0,3,0.0,0.0,0.1090909090909091,0.0769659788064696,0.23809523809523808,0.125,0.909090909,0.0,0.10714285714285714,io.netty.handler.codec.spdy.SpdyFrameEncoder
RtspHeaderNames,0.0,1.0,1.0,186,0,0,0.0,0,1,0.0,1.0,0.05454545454545455,0.10373675404350251,0.0,0.0,0.0,0.0,0.03571428571428571,io.netty.handler.codec.rtsp.RtspHeaderNames
HttpPostStandardRequestDecoder,0.272108843537415,0.2318840579710145,5.416666666666667,692,21,1,0.136363636,1,19,0.272108843537415,0.2318840579710145,0.29545454545454547,0.3859453430005577,0.5,0.125,0.136363636,0.2,0.6785714285714286,io.netty.handler.codec.http.multipart.HttpPostStandardRequestDecoder
WebSocketProtocolHandler,0.45454545454545453,0.5,3.0,21,2,0,1.0,0,3,0.45454545454545453,0.5,0.16363636363636364,0.011712214166201896,0.047619047619047616,0.0,1.0,0.0,0.10714285714285714,io.netty.handler.codec.http.websocketx.WebSocketProtocolHandler
HttpHeaderNames,0.9871794871794872,1.0,1.0,331,0,0,0.0,0,0,0.9871794871794872,1.0,0.05454545454545455,0.18460680423870607,0.0,0.0,0.0,0.0,0.0,io.netty.handler.codec.http.HttpHeaderNames
ServerCookieDecoder,0.8653846153846154,0.7272727272727273,14.0,134,1,1,0.0,1,5,0.8653846153846154,0.7272727272727273,0.7636363636363637,0.0747350808700502,0.023809523809523808,0.125,0.0,0.2,0.17857142857142858,io.netty.handler.codec.http.cookie.ServerCookieDecoder
WebSocketClientHandshaker08,0.0,0.0,4.166666666666667,203,4,3,0.4,1,19,0.0,0.0,0.2272727272727273,0.113218070273285,0.09523809523809523,0.375,0.4,0.2,0.6785714285714286,io.netty.handler.codec.http.websocketx.WebSocketClientHandshaker08
WebSocketClientHandshaker07,0.0,0.0,4.166666666666667,202,4,3,0.4,1,19,0.0,0.0,0.2272727272727273,0.11266034578918015,0.09523809523809523,0.375,0.4,0.2,0.6785714285714286,io.netty.handler.codec.http.websocketx.WebSocketClientHandshaker07
WebSocketClientCompressionHandler,0.0,1.0,1.0,18,0,0,0.0,1,3,0.0,1.0,0.05454545454545455,0.010039040713887339,0.0,0.0,0.0,0.2,0.10714285714285714,io.netty.handler.codec.http.websocketx.extensions.compression.WebSocketClientCompressionHandler
DefaultSpdyDataFrame,0.5,0.375,1.4375,131,14,1,0.933333333,3,3,0.5,0.375,0.07840909090909091,0.07306190741773563,0.3333333333333333,0.125,0.933333333,0.6,0.10714285714285714,io.netty.handler.codec.spdy.DefaultSpdyDataFrame
HttpServerUpgradeHandler,0.0,0.0,2.2083333333333335,337,6,2,0.142857143,1,16,0.0,0.0,0.12045454545454547,0.1879531511433352,0.14285714285714285,0.25,0.142857143,0.2,0.5714285714285714,io.netty.handler.codec.http.HttpServerUpgradeHandler
LastHttpContent,1.0,1.0,1.0476190476190477,101,7,0,0.875,2,2,1.0,1.0,0.05714285714285715,0.05633017289459007,0.16666666666666666,0.0,0.875,0.4,0.07142857142857142,io.netty.handler.codec.http.LastHttpContent
WebSocketServerExtension,1.0,1.0,1.0,13,1,0,0.0,1,2,1.0,1.0,0.05454545454545455,0.007250418293363078,0.023809523809523808,0.0,0.0,0.2,0.07142857142857142,io.netty.handler.codec.http.websocketx.extensions.WebSocketServerExtension
WebSocketClientProtocolHandler,0.8,0.5,1.625,167,3,2,0.5,1,10,0.8,0.5,0.08863636363636364,0.09313998884551032,0.07142857142857142,0.25,0.5,0.2,0.35714285714285715,io.netty.handler.codec.http.websocketx.WebSocketClientProtocolHandler
HttpPostMultipartRequestDecoder,0.4710843373493976,0.4696969696969697,10.538461538461538,1793,36,1,0.054054054,1,24,0.4710843373493976,0.4696969696969697,0.5748251748251748,1.0,0.8571428571428571,0.125,0.054054054,0.2,0.8571428571428571,io.netty.handler.codec.http.multipart.HttpPostMultipartRequestDecoder
WebSocketClientHandshaker00,0.0,0.0,4.428571428571429,231,6,1,0.571428571,1,19,0.0,0.0,0.24155844155844158,0.12883435582822086,0.14285714285714285,0.125,0.571428571,0.2,0.6785714285714286,io.netty.handler.codec.http.websocketx.WebSocketClientHandshaker00
Utf8Validator,0.7619047619047619,0.5,2.25,63,4,1,0.8,0,0,0.7619047619047619,0.5,0.12272727272727274,0.03513664249860569,0.09523809523809523,0.125,0.8,0.0,0.0,io.netty.handler.codec.http.websocketx.Utf8Validator
SpdyStreamFrame,1.0,1.0,1.0,26,4,0,0.0,1,1,1.0,1.0,0.05454545454545455,0.014500836586726157,0.09523809523809523,0.0,0.0,0.2,0.03571428571428571,io.netty.handler.codec.spdy.SpdyStreamFrame
DefaultSpdyPingFrame,0.8571428571428571,1.0,1.0,37,3,1,0.75,2,1,0.8571428571428571,1.0,0.05454545454545455,0.02063580591187953,0.07142857142857142,0.125,0.75,0.4,0.03571428571428571,io.netty.handler.codec.spdy.DefaultSpdyPingFrame
SpdyFrameCodec,0.0,0.0,1.6818181818181819,315,18,3,0.947368421,1,28,0.0,0.0,0.09173553719008265,0.17568321249302846,0.42857142857142855,0.375,0.947368421,0.2,1.0,io.netty.handler.codec.spdy.SpdyFrameCodec
HttpPostRequestEncoder,0.5081081081081081,0.3697916666666667,3.56140350877193,1254,23,1,0.166666667,0,25,0.5081081081081081,0.3697916666666667,0.19425837320574163,0.6993865030674846,0.5476190476190477,0.125,0.166666667,0.0,0.8928571428571429,io.netty.handler.codec.http.multipart.HttpPostRequestEncoder
SpdySessionHandler,0.5714285714285714,0.5779816513761468,6.92,832,18,2,0.947368421,0,22,0.5714285714285714,0.5779816513761468,0.3774545454545455,0.464026770775237,0.42857142857142855,0.25,0.947368421,0.0,0.7857142857142857,io.netty.handler.codec.spdy.SpdySessionHandler
DefaultHttpContent,0.5714285714285714,0.5,1.1666666666666667,77,11,1,0.916666667,2,2,0.5714285714285714,0.5,0.06363636363636364,0.04294478527607362,0.2619047619047619,0.125,0.916666667,0.4,0.07142857142857142,io.netty.handler.codec.http.DefaultHttpContent
WebSocketClientExtensionHandler,0.9565217391304348,0.6785714285714286,6.666666666666667,101,2,1,0.666666667,0,12,0.9565217391304348,0.6785714285714286,0.3636363636363637,0.05633017289459007,0.047619047619047616,0.125,0.666666667,0.0,0.42857142857142855,io.netty.handler.codec.http.websocketx.extensions.WebSocketClientExtensionHandler
WebSocketExtensionDecoder,1.0,1.0,0.0,6,0,0,0.0,0,1,1.0,1.0,0.0,0.0033463469046291134,0.0,0.0,0.0,0.0,0.03571428571428571,io.netty.handler.codec.http.websocketx.extensions.WebSocketExtensionDecoder
HttpClientUpgradeHandler,0.0,0.0,3.3333333333333335,206,4,1,0.6,1,12,0.0,0.0,0.18181818181818185,0.11489124372559956,0.09523809523809523,0.125,0.6,0.2,0.42857142857142855,io.netty.handler.codec.http.HttpClientUpgradeHandler
HttpObject,1.0,1.0,0.0,1,0,0,1.0,0,0,1.0,1.0,0.0,5.577244841048522E-4,0.0,0.0,1.0,0.0,0.0,io.netty.handler.codec.http.HttpObject
HttpRequestDecoder,0.7777777777777778,1.0,1.0,72,3,0,0.75,1,9,0.7777777777777778,1.0,0.05454545454545455,0.040156162855549356,0.07142857142857142,0.0,0.75,0.2,0.32142857142857145,io.netty.handler.codec.http.HttpRequestDecoder
SpdyPingFrame,1.0,1.0,1.0,15,2,0,0.0,1,1,1.0,1.0,0.05454545454545455,0.008365867261572783,0.047619047619047616,0.0,0.0,0.2,0.03571428571428571,io.netty.handler.codec.spdy.SpdyPingFrame
WebSocketClientHandshaker13,0.7678571428571429,0.4117647058823529,4.5,213,4,3,0.4,1,19,0.7678571428571429,0.4117647058823529,0.24545454545454548,0.11879531511433351,0.09523809523809523,0.375,0.4,0.2,0.6785714285714286,io.netty.handler.codec.http.websocketx.WebSocketClientHandshaker13
WebSocketServerProtocolHandshakeHandler,0.7586206896551724,0.3,2.4,74,3,1,0.75,0,13,0.7586206896551724,0.3,0.13090909090909092,0.04127161182375906,0.07142857142857142,0.125,0.75,0.0,0.4642857142857143,io.netty.handler.codec.http.websocketx.WebSocketServerProtocolHandshakeHandler
RtspObjectDecoder,0.0,0.0,2.0,65,1,0,0.5,1,3,0.0,0.0,0.1090909090909091,0.03625209146681539,0.023809523809523808,0.0,0.5,0.2,0.10714285714285714,io.netty.handler.codec.rtsp.RtspObjectDecoder
MixedAttribute,0.297029702970297,0.20833333333333334,1.4285714285714286,278,38,1,0.974358974,3,10,0.297029702970297,0.20833333333333334,0.07792207792207793,0.1550474065811489,0.9047619047619048,0.125,0.974358974,0.6,0.35714285714285715,io.netty.handler.codec.http.multipart.MixedAttribute
CloseWebSocketFrame,0.11363636363636363,0.0,1.5714285714285714,152,9,0,0.7,1,1,0.11363636363636363,0.0,0.08571428571428572,0.08477412158393753,0.21428571428571427,0.0,0.7,0.2,0.03571428571428571,io.netty.handler.codec.http.websocketx.CloseWebSocketFrame
AbstractMemoryHttpData,0.5111111111111111,0.35135135135135137,4.25,241,15,1,0.875,3,3,0.5111111111111111,0.35135135135135137,0.23181818181818184,0.13441160066926938,0.35714285714285715,0.125,0.875,0.6,0.10714285714285714,io.netty.handler.codec.http.multipart.AbstractMemoryHttpData
DefaultFullHttpRequest,0.49056603773584906,0.07142857142857142,1.3478260869565217,170,19,4,0.9,5,8,0.49056603773584906,0.07142857142857142,0.07351778656126483,0.09481316229782487,0.4523809523809524,0.5,0.9,1.0,0.2857142857142857,io.netty.handler.codec.http.DefaultFullHttpRequest
HttpConstants,0.3333333333333333,1.0,1.0,56,0,0,1.0,0,0,0.3333333333333333,1.0,0.05454545454545455,0.031232571109871723,0.0,0.0,1.0,0.0,0.0,io.netty.handler.codec.http.HttpConstants
WebSocketClientProtocolHandshakeHandler,0.8125,0.5,2.5,45,2,1,1.0,0,4,0.8125,0.5,0.13636363636363638,0.02509760178471835,0.047619047619047616,0.125,1.0,0.0,0.14285714285714285,io.netty.handler.codec.http.websocketx.WebSocketClientProtocolHandshakeHandler
DefaultSpdyStreamFrame,0.9090909090909091,0.5,1.4,43,4,2,0.8,2,1,0.9090909090909091,0.5,0.07636363636363637,0.023982152816508645,0.09523809523809523,0.25,0.8,0.4,0.03571428571428571,io.netty.handler.codec.spdy.DefaultSpdyStreamFrame
MixedFileUpload,0.23711340206185566,0.125,1.302325581395349,310,42,1,0.976744186,3,9,0.23711340206185566,0.125,0.07103594080338267,0.17289459007250418,1.0,0.125,0.976744186,0.6,0.32142857142857145,io.netty.handler.codec.http.multipart.MixedFileUpload
SpdySettingsFrame,1.0,1.0,1.0,88,12,0,0.0,1,1,1.0,1.0,0.05454545454545455,0.049079754601226995,0.2857142857142857,0.0,0.0,0.2,0.03571428571428571,io.netty.handler.codec.spdy.SpdySettingsFrame
SpdyHttpDecoder,0.0,0.0,5.2,368,6,2,0.857142857,0,27,0.0,0.0,0.2836363636363637,0.20524261015058562,0.14285714285714285,0.25,0.857142857,0.0,0.9642857142857143,io.netty.handler.codec.spdy.SpdyHttpDecoder
SpdyHeaderBlockZlibDecoder,0.92,0.8125,2.75,100,7,1,1.0,2,5,0.92,0.8125,0.15000000000000002,0.05577244841048522,0.16666666666666666,0.125,1.0,0.4,0.17857142857142858,io.netty.handler.codec.spdy.SpdyHeaderBlockZlibDecoder
DefaultHttpResponse,0.34615384615384615,0.1,1.7777777777777777,90,6,1,0.857142857,3,6,0.34615384615384615,0.1,0.09696969696969697,0.0501952035694367,0.14285714285714285,0.125,0.857142857,0.6,0.21428571428571427,io.netty.handler.codec.http.DefaultHttpResponse
SpdySessionStatus,0.34782608695652173,0.1,2.25,96,7,3,0.5,0,0,0.34782608695652173,0.1,0.12272727272727274,0.053541550474065815,0.16666666666666666,0.375,0.5,0.0,0.0,io.netty.handler.codec.spdy.SpdySessionStatus
DefaultSpdySynStreamFrame,0.6129032258064516,0.375,1.5454545454545454,113,10,3,0.909090909,4,3,0.6129032258064516,0.375,0.08429752066115703,0.0630228667038483,0.23809523809523808,0.375,0.909090909,0.8,0.10714285714285714,io.netty.handler.codec.spdy.DefaultSpdySynStreamFrame
RtspVersions,0.0,0.0,3.0,32,1,1,0.0,0,1,0.0,0.0,0.16363636363636364,0.01784718349135527,0.023809523809523808,0.125,0.0,0.0,0.03571428571428571,io.netty.handler.codec.rtsp.RtspVersions
HttpContentCompressor,0.7818181818181819,0.6382978723404256,8.0,145,2,1,0.666666667,1,7,0.7818181818181819,0.6382978723404256,0.4363636363636364,0.08087005019520357,0.047619047619047616,0.125,0.666666667,0.2,0.25,io.netty.handler.codec.http.HttpContentCompressor
DiskAttribute,0.0,0.0,1.7083333333333333,182,20,4,0.952380952,4,6,0.0,0.0,0.09318181818181819,0.1015058561070831,0.47619047619047616,0.5,0.952380952,0.8,0.21428571428571427,io.netty.handler.codec.http.multipart.DiskAttribute
DefaultLastHttpContent,0.3888888888888889,0.0,1.4666666666666666,115,9,2,0.9,3,4,0.3888888888888889,0.0,0.08,0.06413831567205801,0.21428571428571427,0.25,0.9,0.6,0.14285714285714285,io.netty.handler.codec.http.DefaultLastHttpContent
DefaultHttpHeaders,0.5384615384615384,0.5,1.849056603773585,456,34,0,1.0,1,3,0.5384615384615384,0.5,0.10085763293310464,0.2543223647518126,0.8095238095238095,0.0,1.0,0.2,0.10714285714285714,io.netty.handler.codec.http.DefaultHttpHeaders
RtspRequestDecoder,0.0,1.0,1.0,65,3,0,0.75,2,8,0.0,1.0,0.05454545454545455,0.03625209146681539,0.07142857142857142,0.0,0.75,0.4,0.2857142857142857,io.netty.handler.codec.rtsp.RtspRequestDecoder
WebSocketServerExtensionHandler,0.9523809523809523,0.75,6.0,111,2,1,0.666666667,0,10,0.9523809523809523,0.75,0.32727272727272727,0.0619074177356386,0.047619047619047616,0.125,0.666666667,0.0,0.35714285714285715,io.netty.handler.codec.http.websocketx.extensions.WebSocketServerExtensionHandler
DeflateFrameServerExtensionHandshaker,0.9166666666666666,0.8,2.0,78,1,1,0.5,1,4,0.9166666666666666,0.8,0.1090909090909091,0.04350250976017847,0.023809523809523808,0.125,0.5,0.2,0.14285714285714285,io.netty.handler.codec.http.websocketx.extensions.compression.DeflateFrameServerExtensionHandshaker
HttpContentDecoder,0.7634408602150538,0.6304347826086957,3.9,219,10,1,0.727272727,0,16,0.7634408602150538,0.6304347826086957,0.21272727272727274,0.12214166201896264,0.23809523809523808,0.125,0.727272727,0.0,0.5714285714285714,io.netty.handler.codec.http.HttpContentDecoder
SpdyCodecUtil,0.5357142857142857,0.5,3.0,311,7,1,0.125,0,0,0.5357142857142857,0.5,0.16363636363636364,0.17345231455660903,0.16666666666666666,0.125,0.125,0.0,0.0,io.netty.handler.codec.spdy.SpdyCodecUtil
WebSocketServerHandshakerFactory,0.48,0.375,2.3333333333333335,128,3,1,0.0,0,14,0.48,0.375,0.1272727272727273,0.07138873396542109,0.07142857142857142,0.125,0.0,0.0,0.5,io.netty.handler.codec.http.websocketx.WebSocketServerHandshakerFactory
ComposedLastHttpContent,0.45,1.0,1.0,74,13,2,1.0,3,3,0.45,1.0,0.05454545454545455,0.04127161182375906,0.30952380952380953,0.25,1.0,0.6,0.10714285714285714,io.netty.handler.codec.http.ComposedLastHttpContent
HttpResponseEncoder,1.0,0.5,1.5,27,2,1,0.666666667,0,8,1.0,0.5,0.08181818181818182,0.01505856107083101,0.047619047619047616,0.125,0.666666667,0.0,0.2857142857142857,io.netty.handler.codec.http.HttpResponseEncoder
WebSocket13FrameDecoder,0.5,1.0,1.0,41,0,0,0.0,2,1,0.5,1.0,0.05454545454545455,0.02286670384829894,0.0,0.0,0.0,0.4,0.03571428571428571,io.netty.handler.codec.http.websocketx.WebSocket13FrameDecoder
WebSocketServerHandshaker13,0.9,0.75,2.4,137,3,2,0.5,1,17,0.9,0.75,0.13090909090909092,0.07640825432236475,0.07142857142857142,0.25,0.5,0.2,0.6071428571428571,io.netty.handler.codec.http.websocketx.WebSocketServerHandshaker13
HttpServerCodec,0.36363636363636365,1.0,1.0,60,3,0,0.0,1,5,0.36363636363636365,1.0,0.05454545454545455,0.03346346904629113,0.07142857142857142,0.0,0.0,0.2,0.17857142857142858,io.netty.handler.codec.http.HttpServerCodec
QueryStringEncoder,0.8064516129032258,0.7142857142857143,3.0,106,4,1,0.2,0,3,0.8064516129032258,0.7142857142857143,0.16363636363636364,0.05911879531511433,0.09523809523809523,0.125,0.2,0.0,0.10714285714285714,io.netty.handler.codec.http.QueryStringEncoder
WebSocketClientExtensionHandshaker,1.0,1.0,1.0,23,2,0,0.0,0,2,1.0,1.0,0.05454545454545455,0.012827663134411601,0.047619047619047616,0.0,0.0,0.0,0.07142857142857142,io.netty.handler.codec.http.websocketx.extensions.WebSocketClientExtensionHandshaker
WebSocket07FrameDecoder,0.0,1.0,1.0,41,0,0,0.0,2,1,0.0,1.0,0.05454545454545455,0.02286670384829894,0.0,0.0,0.0,0.4,0.03571428571428571,io.netty.handler.codec.http.websocketx.WebSocket07FrameDecoder
WebSocket08FrameDecoder,0.5060975609756098,0.40875912408759124,13.625,400,6,1,0.714285714,1,9,0.5060975609756098,0.40875912408759124,0.7431818181818183,0.22308979364194087,0.14285714285714285,0.125,0.714285714,0.2,0.32142857142857145,io.netty.handler.codec.http.websocketx.WebSocket08FrameDecoder
CaseIgnoringComparator,0.95,0.875,2.6666666666666665,36,2,1,1.0,0,0,0.95,0.875,0.14545454545454545,0.020078081427774678,0.047619047619047616,0.125,1.0,0.0,0.0,io.netty.handler.codec.http.multipart.CaseIgnoringComparator
HttpObjectEncoder,0.7415730337078652,0.6666666666666666,7.428571428571429,183,7,1,0.75,0,8,0.7415730337078652,0.6666666666666666,0.4051948051948052,0.10206358059118795,0.16666666666666666,0.125,0.75,0.0,0.2857142857142857,io.netty.handler.codec.http.HttpObjectEncoder
SpdyRstStreamFrame,1.0,1.0,1.0,21,4,0,0.4,2,2,1.0,1.0,0.05454545454545455,0.011712214166201896,0.09523809523809523,0.0,0.4,0.4,0.07142857142857142,io.netty.handler.codec.spdy.SpdyRstStreamFrame
SpdyHeaderBlockDecoder,0.5,1.0,1.0,24,4,0,0.8,0,3,0.5,1.0,0.05454545454545455,0.013385387618516454,0.09523809523809523,0.0,0.8,0.0,0.10714285714285714,io.netty.handler.codec.spdy.SpdyHeaderBlockDecoder
WebSocketServerHandshaker00,0.13953488372093023,0.22727272727272727,3.2,161,4,1,0.4,1,18,0.13953488372093023,0.22727272727272727,0.17454545454545456,0.0897936419408812,0.09523809523809523,0.125,0.4,0.2,0.6428571428571429,io.netty.handler.codec.http.websocketx.WebSocketServerHandshaker00
SpdyHeaderBlockRawEncoder,0.0,0.0,3.6,68,4,0,1.0,1,4,0.0,0.0,0.19636363636363638,0.03792526491912995,0.09523809523809523,0.0,1.0,0.2,0.14285714285714285,io.netty.handler.codec.spdy.SpdyHeaderBlockRawEncoder
TextWebSocketFrame,0.52,0.75,1.2307692307692308,109,8,0,0.777777778,1,1,0.52,0.75,0.06713286713286715,0.06079196876742889,0.19047619047619047,0.0,0.777777778,0.2,0.03571428571428571,io.netty.handler.codec.http.websocketx.TextWebSocketFrame
FullHttpResponse,1.0,1.0,1.0,31,9,0,0.9,4,4,1.0,1.0,0.05454545454545455,0.01728945900725042,0.21428571428571427,0.0,0.9,0.8,0.14285714285714285,io.netty.handler.codec.http.FullHttpResponse
WebSocketServerHandshaker08,0.8666666666666667,0.5833333333333334,2.4,139,3,2,0.5,1,17,0.8666666666666667,0.5833333333333334,0.13090909090909092,0.07752370329057445,0.07142857142857142,0.25,0.5,0.2,0.6071428571428571,io.netty.handler.codec.http.websocketx.WebSocketServerHandshaker08
WebSocketServerHandshaker07,0.0,0.0,2.4,140,3,2,0.5,1,17,0.0,0.0,0.13090909090909092,0.0780814277746793,0.07142857142857142,0.25,0.5,0.2,0.6071428571428571,io.netty.handler.codec.http.websocketx.WebSocketServerHandshaker07
HttpRequest,1.0,1.0,1.0,49,5,0,0.166666667,2,11,1.0,1.0,0.05454545454545455,0.027328499721137756,0.11904761904761904,0.0,0.166666667,0.4,0.39285714285714285,io.netty.handler.codec.http.HttpRequest
DeflateEncoder,0.5849056603773585,0.5769230769230769,3.4285714285714284,119,6,1,0.571428571,1,6,0.5849056603773585,0.5769230769230769,0.18701298701298702,0.06636921360847742,0.14285714285714285,0.125,0.571428571,0.2,0.21428571428571427,io.netty.handler.codec.http.websocketx.extensions.compression.DeflateEncoder
HttpResponse,1.0,1.0,1.0,34,3,0,0.25,2,9,1.0,1.0,0.05454545454545455,0.018962632459564976,0.07142857142857142,0.0,0.25,0.4,0.32142857142857145,io.netty.handler.codec.http.HttpResponse
SpdyHeaderBlockEncoder,0.0,0.0,1.6666666666666667,17,3,0,1.0,0,4,0.0,0.0,0.09090909090909093,0.009481316229782488,0.07142857142857142,0.0,1.0,0.0,0.14285714285714285,io.netty.handler.codec.spdy.SpdyHeaderBlockEncoder
InterfaceHttpPostRequestDecoder,1.0,1.0,1.0,118,12,0,0.0,0,6,1.0,1.0,0.05454545454545455,0.06581148912437255,0.2857142857142857,0.0,0.0,0.0,0.21428571428571427,io.netty.handler.codec.http.multipart.InterfaceHttpPostRequestDecoder
HttpContentDecompressor,0.8181818181818182,0.5,3.3333333333333335,42,1,1,0.5,1,4,0.8181818181818182,0.5,0.18181818181818185,0.023424428332403793,0.023809523809523808,0.125,0.5,0.2,0.14285714285714285,io.netty.handler.codec.http.HttpContentDecompressor
HttpDataFactory,1.0,1.0,1.0,52,7,0,0.0,0,4,1.0,1.0,0.05454545454545455,0.029001673173452314,0.16666666666666666,0.0,0.0,0.0,0.14285714285714285,io.netty.handler.codec.http.multipart.HttpDataFactory
HttpHeaderValues,0.9767441860465116,1.0,1.0,181,0,0,0.0,0,1,0.9767441860465116,1.0,0.05454545454545455,0.10094813162297825,0.0,0.0,0.0,0.0,0.03571428571428571,io.netty.handler.codec.http.HttpHeaderValues
HttpMessage,1.0,1.0,1.0,25,3,0,0.0,1,5,1.0,1.0,0.05454545454545455,0.013943112102621304,0.07142857142857142,0.0,0.0,0.2,0.17857142857142858,io.netty.handler.codec.http.HttpMessage
SpdyHeaderBlockJZlibEncoder,0.0,0.0,6.8,130,4,1,1.0,2,4,0.0,0.0,0.3709090909090909,0.07250418293363078,0.09523809523809523,0.125,1.0,0.4,0.14285714285714285,io.netty.handler.codec.spdy.SpdyHeaderBlockJZlibEncoder
RtspMethods,0.0,0.0,4.0,117,1,1,0.0,0,1,0.0,0.0,0.2181818181818182,0.0652537646402677,0.023809523809523808,0.125,0.0,0.0,0.03571428571428571,io.netty.handler.codec.rtsp.RtspMethods
WebSocketServerHandshaker,0.5180722891566265,0.42105263157894735,2.4,342,15,5,0.0,0,13,0.5180722891566265,0.42105263157894735,0.13090909090909092,0.19074177356385946,0.35714285714285715,0.625,0.0,0.0,0.4642857142857143,io.netty.handler.codec.http.websocketx.WebSocketServerHandshaker
BinaryWebSocketFrame,0.5294117647058824,1.0,1.0,70,6,0,0.857142857,1,1,0.5294117647058824,1.0,0.05454545454545455,0.03904071388733965,0.14285714285714285,0.0,0.857142857,0.2,0.03571428571428571,io.netty.handler.codec.http.websocketx.BinaryWebSocketFrame
HttpClientCodec,0.5454545454545454,1.0,2.533333333333333,221,5,0,0.333333333,1,8,0.5454545454545454,1.0,0.13818181818181818,0.12325711098717233,0.11904761904761904,0.0,0.333333333,0.2,0.2857142857142857,io.netty.handler.codec.http.HttpClientCodec
DeflateFrameClientExtensionHandshaker,0.8571428571428571,0.6666666666666666,2.125,77,2,2,0.666666667,1,5,0.8571428571428571,0.6666666666666666,0.11590909090909092,0.04294478527607362,0.047619047619047616,0.25,0.666666667,0.2,0.17857142857142858,io.netty.handler.codec.http.websocketx.extensions.compression.DeflateFrameClientExtensionHandshaker
DefaultHttpObject,0.6666666666666666,0.25,1.8,39,4,1,1.0,1,1,0.6666666666666666,0.25,0.09818181818181819,0.021751254880089235,0.09523809523809523,0.125,1.0,0.2,0.03571428571428571,io.netty.handler.codec.http.DefaultHttpObject
HttpData,1.0,1.0,1.0,192,26,0,0.222222222,1,1,1.0,1.0,0.05454545454545455,0.10708310094813163,0.6190476190476191,0.0,0.222222222,0.2,0.03571428571428571,io.netty.handler.codec.http.multipart.HttpData
SpdyFrame,1.0,1.0,0.0,6,0,0,0.0,0,0,1.0,1.0,0.0,0.0033463469046291134,0.0,0.0,0.0,0.0,0.0,io.netty.handler.codec.spdy.SpdyFrame
SpdyHttpEncoder,0.0,0.0,5.2,267,4,1,0.6,0,27,0.0,0.0,0.2836363636363637,0.14891243725599554,0.09523809523809523,0.125,0.6,0.0,0.9642857142857143,io.netty.handler.codec.spdy.SpdyHttpEncoder
WebSocketFrame,0.6666666666666666,1.0,1.0,76,9,2,0.7,0,0,0.6666666666666666,1.0,0.05454545454545455,0.042387060791968766,0.21428571428571427,0.25,0.7,0.0,0.0,io.netty.handler.codec.http.websocketx.WebSocketFrame
SpdySession,0.6732673267326733,0.47435897435897434,2.0681818181818183,330,22,1,1.0,0,4,0.6732673267326733,0.47435897435897434,0.11280991735537192,0.18404907975460122,0.5238095238095238,0.125,1.0,0.0,0.14285714285714285,io.netty.handler.codec.spdy.SpdySession
WebSocketExtensionUtil,0.8717948717948718,0.7,5.0,74,3,1,1.0,0,4,0.8717948717948718,0.7,0.27272727272727276,0.04127161182375906,0.07142857142857142,0.125,1.0,0.0,0.14285714285714285,io.netty.handler.codec.http.websocketx.extensions.WebSocketExtensionUtil
WebSocket13FrameEncoder,1.0,1.0,1.0,18,0,0,0.0,2,1,1.0,1.0,0.05454545454545455,0.010039040713887339,0.0,0.0,0.0,0.4,0.03571428571428571,io.netty.handler.codec.http.websocketx.WebSocket13FrameEncoder
WebSocketClientHandshaker,0.5,0.2391304347826087,2.5416666666666665,368,19,6,0.1,0,16,0.5,0.2391304347826087,0.13863636363636364,0.20524261015058562,0.4523809523809524,0.75,0.1,0.0,0.5714285714285714,io.netty.handler.codec.http.websocketx.WebSocketClientHandshaker
DefaultFullHttpResponse,0.43636363636363634,0.07142857142857142,1.3333333333333333,174,18,4,0.894736842,5,8,0.43636363636363634,0.07142857142857142,0.07272727272727272,0.09704406023424428,0.42857142857142855,0.5,0.894736842,1.0,0.2857142857142857,io.netty.handler.codec.http.DefaultFullHttpResponse
RtspRequestEncoder,0.0,1.0,1.0,27,2,1,0.666666667,0,7,0.0,1.0,0.05454545454545455,0.01505856107083101,0.047619047619047616,0.125,0.666666667,0.0,0.25,io.netty.handler.codec.rtsp.RtspRequestEncoder
DefaultSpdyHeaders,0.1095890410958904,1.0,1.054054054054054,238,34,0,1.0,1,1,0.1095890410958904,1.0,0.05749385749385749,0.13273842721695484,0.8095238095238095,0.0,1.0,0.2,0.03571428571428571,io.netty.handler.codec.spdy.DefaultSpdyHeaders
InternalAttribute,0.3114754098360656,0.13636363636363635,1.8888888888888888,135,17,1,0.944444444,1,3,0.3114754098360656,0.13636363636363635,0.10303030303030303,0.07529280535415504,0.40476190476190477,0.125,0.944444444,0.2,0.10714285714285714,io.netty.handler.codec.http.multipart.InternalAttribute
EmptyHttpHeaders,0.041666666666666664,1.0,1.0,211,34,0,1.0,1,1,0.041666666666666664,1.0,0.05454545454545455,0.11767986614612382,0.8095238095238095,0.0,1.0,0.2,0.03571428571428571,io.netty.handler.codec.http.EmptyHttpHeaders
HttpHeadersEncoder,1.0,0.8333333333333334,1.5,52,5,1,1.0,0,0,1.0,0.8333333333333334,0.08181818181818182,0.029001673173452314,0.11904761904761904,0.125,1.0,0.0,0.0,io.netty.handler.codec.http.HttpHeadersEncoder
AbstractHttpData,0.6904761904761905,0.5,1.8125,113,15,5,0.9375,2,3,0.6904761904761905,0.5,0.09886363636363638,0.0630228667038483,0.35714285714285715,0.625,0.9375,0.4,0.10714285714285714,io.netty.handler.codec.http.multipart.AbstractHttpData
HttpPostRequestDecoder,0.6164383561643836,0.5,2.0384615384615383,313,15,1,0.75,1,14,0.6164383561643836,0.5,0.11118881118881119,0.17456776352481873,0.35714285714285715,0.125,0.75,0.2,0.5,io.netty.handler.codec.http.multipart.HttpPostRequestDecoder
WebSocketExtensionEncoder,1.0,1.0,0.0,6,0,0,0.0,0,1,1.0,1.0,0.0,0.0033463469046291134,0.0,0.0,0.0,0.0,0.03571428571428571,io.netty.handler.codec.http.websocketx.extensions.WebSocketExtensionEncoder
WebSocketUtil,0.7,1.0,2.1666666666666665,89,5,0,0.0,0,0,0.7,1.0,0.11818181818181818,0.049637479085331844,0.11904761904761904,0.0,0.0,0.0,0.0,io.netty.handler.codec.http.websocketx.WebSocketUtil
HttpObjectAggregator,0.9534883720930233,0.8461538461538461,1.3728813559322033,467,11,2,0.916666667,0,22,0.9534883720930233,0.8461538461538461,0.074884437596302,0.260457334076966,0.2619047619047619,0.25,0.916666667,0.0,0.7857142857142857,io.netty.handler.codec.http.HttpObjectAggregator
WebSocketClientExtension,1.0,1.0,0.0,6,0,0,0.0,1,1,1.0,1.0,0.0,0.0033463469046291134,0.0,0.0,0.0,0.2,0.03571428571428571,io.netty.handler.codec.http.websocketx.extensions.WebSocketClientExtension
HttpRequestEncoder,1.0,0.8125,4.5,58,2,1,0.666666667,0,8,1.0,0.8125,0.24545454545454548,0.03234802007808143,0.047619047619047616,0.125,0.666666667,0.0,0.2857142857142857,io.netty.handler.codec.http.HttpRequestEncoder
SpdyHttpHeaders,0.0,1.0,1.0,31,0,0,0.0,0,2,0.0,1.0,0.05454545454545455,0.01728945900725042,0.0,0.0,0.0,0.0,0.07142857142857142,io.netty.handler.codec.spdy.SpdyHttpHeaders
WebSocketServerExtensionHandshaker,1.0,1.0,1.0,15,1,0,0.0,0,2,1.0,1.0,0.05454545454545455,0.008365867261572783,0.023809523809523808,0.0,0.0,0.0,0.07142857142857142,io.netty.handler.codec.http.websocketx.extensions.WebSocketServerExtensionHandshaker
RtspResponseEncoder,0.0,1.0,1.0,27,2,1,0.666666667,0,7,0.0,1.0,0.05454545454545455,0.01505856107083101,0.047619047619047616,0.125,0.666666667,0.0,0.25,io.netty.handler.codec.rtsp.RtspResponseEncoder
HttpContent,1.0,1.0,1.0,27,6,0,0.857142857,1,4,1.0,1.0,0.05454545454545455,0.01505856107083101,0.14285714285714285,0.0,0.857142857,0.2,0.14285714285714285,io.netty.handler.codec.http.HttpContent
SpdyHeaderBlockRawDecoder,0.9591836734693877,0.872093023255814,9.285714285714286,289,6,2,1.0,1,6,0.9591836734693877,0.872093023255814,0.5064935064935066,0.1611823759063023,0.14285714285714285,0.25,1.0,0.2,0.21428571428571427,io.netty.handler.codec.spdy.SpdyHeaderBlockRawDecoder
WebSocketExtensionData,0.8,0.5,2.3333333333333335,35,2,2,0.0,0,0,0.8,0.5,0.1272727272727273,0.019520356943669825,0.047619047619047616,0.25,0.0,0.0,0.0,io.netty.handler.codec.http.websocketx.extensions.WebSocketExtensionData
PerFrameDeflateEncoder,1.0,0.7,2.0,35,3,0,0.75,2,6,1.0,0.7,0.1090909090909091,0.019520356943669825,0.07142857142857142,0.0,0.75,0.4,0.21428571428571427,io.netty.handler.codec.http.websocketx.extensions.compression.PerFrameDeflateEncoder
RtspObjectEncoder,0.0,1.0,1.0,18,1,0,0.5,0,3,0.0,1.0,0.05454545454545455,0.010039040713887339,0.023809523809523808,0.0,0.5,0.0,0.10714285714285714,io.netty.handler.codec.rtsp.RtspObjectEncoder
WebSocketServerCompressionHandler,1.0,1.0,1.0,17,0,0,0.0,1,3,1.0,1.0,0.05454545454545455,0.009481316229782488,0.0,0.0,0.0,0.2,0.10714285714285714,io.netty.handler.codec.http.websocketx.extensions.compression.WebSocketServerCompressionHandler
DefaultSpdyRstStreamFrame,0.7857142857142857,1.0,1.0,65,5,1,0.833333333,3,3,0.7857142857142857,1.0,0.05454545454545455,0.03625209146681539,0.11904761904761904,0.125,0.833333333,0.6,0.10714285714285714,io.netty.handler.codec.spdy.DefaultSpdyRstStreamFrame
QueryStringDecoder,0.9117647058823529,0.8787878787878788,5.4375,357,8,1,0.222222222,0,2,0.9117647058823529,0.8787878787878788,0.2965909090909091,0.19910764082543222,0.19047619047619047,0.125,0.222222222,0.0,0.07142857142857142,io.netty.handler.codec.http.QueryStringDecoder
SpdyStreamStatus,0.5348837209302325,0.2727272727272727,4.75,170,7,3,0.5,0,0,0.5348837209302325,0.2727272727272727,0.2590909090909091,0.09481316229782487,0.16666666666666666,0.375,0.5,0.0,0.0,io.netty.handler.codec.spdy.SpdyStreamStatus
WebSocket00FrameDecoder,0.0625,0.0,5.0,110,3,1,0.75,1,5,0.0625,0.0,0.27272727272727276,0.06134969325153374,0.07142857142857142,0.125,0.75,0.2,0.17857142857142858,io.netty.handler.codec.http.websocketx.WebSocket00FrameDecoder
SpdySynStreamFrame,1.0,1.0,1.0,48,9,0,0.3,3,1,1.0,1.0,0.05454545454545455,0.026770775237032907,0.21428571428571427,0.0,0.3,0.6,0.03571428571428571,io.netty.handler.codec.spdy.SpdySynStreamFrame
DefaultHttpRequest,0.45454545454545453,0.125,2.2,100,8,1,0.888888889,3,6,0.45454545454545453,0.125,0.12000000000000002,0.05577244841048522,0.19047619047619047,0.125,0.888888889,0.6,0.21428571428571427,io.netty.handler.codec.http.DefaultHttpRequest
MemoryFileUpload,0.2982456140350877,0.1875,2.0,162,18,2,0.947368421,4,8,0.2982456140350877,0.1875,0.1090909090909091,0.09035136642498606,0.42857142857142855,0.25,0.947368421,0.8,0.2857142857142857,io.netty.handler.codec.http.multipart.MemoryFileUpload
SpdyHttpResponseStreamIdHandler,0.0,0.0,3.3333333333333335,41,3,1,0.75,0,6,0.0,0.0,0.18181818181818185,0.02286670384829894,0.07142857142857142,0.125,0.75,0.0,0.21428571428571427,io.netty.handler.codec.spdy.SpdyHttpResponseStreamIdHandler
DefaultSpdySynReplyFrame,0.5384615384615384,1.0,1.0,53,4,0,0.8,4,3,0.5384615384615384,1.0,0.05454545454545455,0.029559397657557166,0.09523809523809523,0.0,0.8,0.8,0.10714285714285714,io.netty.handler.codec.spdy.DefaultSpdySynReplyFrame
FileUpload,1.0,1.0,1.0,59,12,0,0.461538462,2,1,1.0,1.0,0.05454545454545455,0.03290574456218628,0.2857142857142857,0.0,0.461538462,0.4,0.03571428571428571,io.netty.handler.codec.http.multipart.FileUpload
DefaultSpdyWindowUpdateFrame,0.0,0.0,1.6666666666666667,63,5,2,0.833333333,2,1,0.0,0.0,0.09090909090909093,0.03513664249860569,0.11904761904761904,0.25,0.833333333,0.4,0.03571428571428571,io.netty.handler.codec.spdy.DefaultSpdyWindowUpdateFrame
SpdyOrHttpChooser,0.0,0.0,2.272727272727273,143,7,2,0.25,0,10,0.0,0.0,0.12396694214876035,0.07975460122699386,0.16666666666666666,0.25,0.25,0.0,0.35714285714285715,io.netty.handler.codec.spdy.SpdyOrHttpChooser
FullHttpMessage,1.0,1.0,1.0,33,7,0,0.75,3,2,1.0,1.0,0.05454545454545455,0.018404907975460124,0.16666666666666666,0.0,0.75,0.6,0.07142857142857142,io.netty.handler.codec.http.FullHttpMessage
DefaultCookie,0.45098039215686275,0.203125,4.190476190476191,248,20,8,0.952380952,1,2,0.45098039215686275,0.203125,0.2285714285714286,0.13831567205800335,0.47619047619047616,1.0,0.952380952,0.2,0.07142857142857142,io.netty.handler.codec.http.cookie.DefaultCookie
CookieHeaderNames,0.0,1.0,1.0,17,0,0,1.0,0,0,0.0,1.0,0.05454545454545455,0.009481316229782488,0.0,0.0,1.0,0.0,0.0,io.netty.handler.codec.http.cookie.CookieHeaderNames
ServerCookieEncoder,0.47058823529411764,0.25,4.166666666666667,150,5,0,0.0,1,8,0.47058823529411764,0.25,0.2272727272727273,0.08365867261572783,0.11904761904761904,0.0,0.0,0.2,0.2857142857142857,io.netty.handler.codec.http.cookie.ServerCookieEncoder
WebSocketFrameEncoder,1.0,1.0,0.0,7,0,0,0.0,0,0,1.0,1.0,0.0,0.0039040713887339654,0.0,0.0,0.0,0.0,0.0,io.netty.handler.codec.http.websocketx.WebSocketFrameEncoder
AbstractDiskHttpData,0.0,0.0,4.565217391304348,414,22,1,0.652173913,3,3,0.0,0.0,0.2490118577075099,0.2308979364194088,0.5238095238095238,0.125,0.652173913,0.6,0.10714285714285714,io.netty.handler.codec.http.multipart.AbstractDiskHttpData
WebSocketHandshakeException,0.5,1.0,1.0,15,0,0,0.0,0,0,0.5,1.0,0.05454545454545455,0.008365867261572783,0.0,0.0,0.0,0.0,0.0,io.netty.handler.codec.http.websocketx.WebSocketHandshakeException
PerMessageDeflateClientExtensionHandshaker,0.8596491228070176,0.7291666666666666,4.5,167,2,1,0.666666667,1,5,0.8596491228070176,0.7291666666666666,0.24545454545454548,0.09313998884551032,0.047619047619047616,0.125,0.666666667,0.2,0.17857142857142858,io.netty.handler.codec.http.websocketx.extensions.compression.PerMessageDeflateClientExtensionHandshaker
SpdyWindowUpdateFrame,1.0,1.0,1.0,26,4,0,0.0,1,1,1.0,1.0,0.05454545454545455,0.014500836586726157,0.09523809523809523,0.0,0.0,0.2,0.03571428571428571,io.netty.handler.codec.spdy.SpdyWindowUpdateFrame
